motif,start_1
ATG,554
ATG,994
ATG,1007
ATG,1032
ATG,1413
ATG,1583
ATG,1591
ATG,1812
ATG,1818
ATG,1852
ATG,1934
ATG,2035
ATG,2089
ATG,2109
ATG,2169
ATG,2418
ATG,2588
ATG,2702
ATG,2717
ATG,2795
ATG,2803
ATG,2846
ATG,3008
ATG,3039
ATG,3054
ATG,3091
ATG,3241
ATG,3259
ATG,3288
ATG,3444
ATG,3465
ATG,3498
ATG,3556
ATG,3639
ATG,3997
ATG,4004
ATG,4047
ATG,4118
ATG,4250
ATG,4272
ATG,4276
ATG,4296
ATG,4317
ATG,4398
ATG,4479
ATG,4665
ATG,4745
ATG,4785
ATG,4822
ATG,4848
ATG,4891
ATG,5044
ATG,5064
ATG,5128
ATG,5165
ATG,5170
ATG,5221
ATG,5293
ATG,5322
ATG,5332
ATG,5568
ATG,5576
ATG,5581
ATG,5780
ATG,5874
ATG,5918
ATG,6284
ATG,6369
ATG,6464
ATG,6591
ATG,6665
ATG,6696
ATG,6896
ATG,7038
ATG,7107
ATG,7153
ATG,7269
ATG,7297
ATG,7316
ATG,7354
ATG,7536
ATG,7553
ATG,7594
ATG,7617
ATG,7703
ATG,7780
ATG,8166
ATG,8173
ATG,8381
ATG,8475
ATG,8489
ATG,8499
ATG,8575
ATG,8633
ATG,8653
ATG,8719
ATG,8748
ATG,8752
ATG,8783
ATG,8807
ATG,8898
ATG,9095
ATG,9220
ATG,9228
ATG,9259
ATG,9326
ATG,9392
ATG,9401
ATG,9537
ATG,9551
ATG,9658
ATG,9696
ATG,9702
ATG,9711
ATG,9786
ATG,9806
ATG,9850
ATG,9948
ATG,10035
ATG,10171
ATG,10194
ATG,10220
ATG,10249
ATG,10253
ATG,10281
ATG,10358
ATG,10395
ATG,10427
ATG,10569
ATG,10625
ATG,10640
ATG,10758
ATG,10761
ATG,10778
ATG,10837
ATG,10854
ATG,10960
ATG,11050
ATG,11062
ATG,11113
ATG,11133
ATG,11298
ATG,11403
ATG,11410
ATG,11619
ATG,11737
ATG,11759
ATG,11892
ATG,11912
ATG,11917
ATG,11985
ATG,11991
ATG,12013
ATG,12075
ATG,12243
ATG,12297
ATG,12373
ATG,12498
ATG,12569
ATG,12585
ATG,12717
ATG,12722
ATG,12845
ATG,12868
ATG,12947
ATG,13050
ATG,13082
ATG,13166
ATG,13183
ATG,13213
ATG,13379
ATG,13413
ATG,13428
ATG,13517
ATG,13591
ATG,13622
ATG,13654
ATG,13738
ATG,13769
ATG,13779
ATG,13824
ATG,13858
ATG,13993
ATG,14022
ATG,14281
ATG,14384
ATG,14410
ATG,14455
ATG,14483
ATG,14513
ATG,14616
ATG,14672
ATG,14703
ATG,14752
ATG,14872
ATG,14880
ATG,14895
ATG,14917
ATG,14967
ATG,15067
ATG,15090
ATG,15104
ATG,15145
ATG,15166
ATG,15190
ATG,15261
ATG,15282
ATG,15286
ATG,15334
ATG,15406
ATG,15511
ATG,15613
ATG,15798
ATG,16049
ATG,16101
ATG,16132
ATG,16203
ATG,16287
ATG,16317
ATG,16459
ATG,16635
ATG,16640
ATG,16644
ATG,16721
ATG,16816
ATG,16837
ATG,16846
ATG,16886
ATG,17009
ATG,17015
ATG,17082
ATG,17105
ATG,17121
ATG,17127
ATG,17203
ATG,17216
ATG,17244
ATG,17275
ATG,17347
ATG,17370
ATG,17395
ATG,17455
ATG,17471
ATG,17502
ATG,17592
ATG,17702
ATG,17722
ATG,17751
ATG,17795
ATG,17969
ATG,17974
ATG,18000
ATG,18005
ATG,18019
ATG,18033
ATG,18083
ATG,18155
ATG,18272
ATG,18275
ATG,18356
ATG,18440
ATG,18456
ATG,18494
ATG,18533
ATG,18739
ATG,18826
ATG,18955
ATG,18991
ATG,19126
ATG,19178
ATG,19202
ATG,19240
ATG,19261
ATG,19370
ATG,19417
ATG,19489
ATG,19543
ATG,19597
ATG,19616
ATG,19622
ATG,19900
ATG,20024
ATG,20111
ATG,20137
ATG,20147
ATG,20185
ATG,20189
ATG,20210
ATG,20236
ATG,20242
ATG,20443
ATG,20469
ATG,20683
ATG,20705
ATG,20720
ATG,20744
ATG,20773
ATG,20830
ATG,20862
ATG,20936
ATG,20942
ATG,21067
ATG,21129
ATG,21219
ATG,21230
ATG,21377
ATG,21410
ATG,21533
ATG,21580
ATG,21585
ATG,21610
ATG,21634
ATG,21666
ATG,21680
ATG,21694
ATG,21996
ATG,22076
ATG,22158
ATG,22173
ATG,22241
ATG,22297
ATG,22345
ATG,22408
ATG,22465
ATG,22485
ATG,22524
ATG,22600
ATG,22624
ATG,22682
ATG,22726
ATG,22821
ATG,22860
ATG,22880
ATG,22886
ATG,23001
ATG,23014
ATG,23046
ATG,23175
ATG,23180
ATG,23185
ATG,23190
ATG,23223
ATG,23257
ATG,23277
ATG,23313
ATG,23468
ATG,23496
ATG,23577
ATG,23620
ATG,23780
ATG,23822
ATG,23836
ATG,23870
ATG,23902
ATG,24006
ATG,24024
ATG,24035
ATG,24093
ATG,24210
ATG,24257
ATG,24306
ATG,24334
ATG,24342
ATG,24526
ATG,24550
ATG,24612
ATG,24616
ATG,24680
ATG,24724
ATG,24776
ATG,24858
ATG,24890
ATG,25027
ATG,25093
ATG,25103
ATG,25122
ATG,25126
ATG,25191
ATG,25249
ATG,25269
ATG,25330
ATG,25429
ATG,25560
ATG,25624
ATG,25647
ATG,25681
ATG,25686
ATG,25766
ATG,25825
ATG,26090
ATG,26150
ATG,26361
ATG,26440
ATG,26538
ATG,26654
ATG,26673
ATG,26758
ATG,26783
ATG,26814
ATG,26828
ATG,26848
ATG,26866
ATG,26877
ATG,26889
ATG,26957
ATG,26989
ATG,27072
ATG,27114
ATG,27180
ATG,27223
ATG,27235
ATG,27310
ATG,27430
